Label,# Samples,Average,Min,Max,Std. Dev.,Error %,Throughput,Received KB/sec,Sent KB/sec,Avg. Bytes
Sign up,10000,5020,105,13976,2725.19,5.500%,347.89869,145.46,93.71,428.1
Login,10000,3927,1,9300,1848.23,0.000%,338.82225,99.83,83.35,301.7
Open Store,1000,543,3,1525,405.29,0.000%,469.26326,137.48,116.30,300.0
Add Product to Store,1000000,1007,0,10798,777.49,0.000%,948.65050,277.92,324.76,300.0
Add Product to Cart,1000000,773,0,3067,191.04,0.000%,515.51733,204.11,152.32,405.4
Purchase,1000000,1151,1,4133,347.68,0.000%,515.51946,151.03,226.49,300.0
TOTAL,3021000,1000,0,13976,628.19,0.018%,997.77227,326.74,357.55,335.3
